Image Path Index,New Caption
5,<画图>一位女士站在木制码头上，手里握着红色的雨伞，迎着阳光，背景是平静的湖面和远处的山脉，镜头是全景，风格是水彩风格。
6,<画图>温暖明媚的一天，阳光洒在湛蓝的大海上，海滩边的岩石光影斑驳，背景是淡蓝色的天空和远处的山脉，镜头是全景，风格是摄影风格。
13,<画图>画面中的小女孩在吃甜甜圈，她的身体发出神秘的光芒，周围有粉色的泡泡和各种颜色的气球，背景是一座繁华的未来城市，整个画面的风格是色彩丰富的，偏向未来风格。
18,<画图>一位年轻的女孩坐在楼梯上，穿着未来赛博朋克风格的服装，她的眼睛被黑色的墨镜遮挡，背景是充满霓虹灯的城市夜晚，全景镜头，风格是赛博朋克风格。
21,<画图>一只穿着万圣节主题的黑色拉布拉多犬正在咀嚼一根骨头，背景是蓝色的天空和绿色的草地，镜头是中景，风格是卡通风格。
22,<画图>一只棕色的狗坐在山顶上，欣赏着日落，背景是夕阳下的山脉，镜头是中景，风格是现实主义风格。
26,<画图>一位女子站在蓝色气球的下方，头顶的夕阳洒下温暖的光芒，背景是夕阳下的天空，镜头是全景，风格是现代绘画风格。
41,<画图>一对年轻的情侣在树林中相拥，男士穿着蓝色西装，女士穿着米白色长裙，照片采用中景构图方式，半身，风格偏向油画风格。
50,<画图>一个女孩正在对着梳妆镜凝视自己，背景是暗色的房间，镜头是近景，风格是彩色照片风格。
54,<画图>一位南亚女性身着富丽的未来风格服饰，翠绿色的服饰有科技元素的设计，背景是现代化的高科技城市，镜头是全身，风格是现实主义风格。
61,<画图>一位戴着花环的女孩出现在这个画面中，背景是充满未来感的摩天大楼和繁忙的城市街道，镜头是中景，风格是现代风格。
67,<画图>一条流淌着蓝色的小溪穿越充满各色斑斓花朵的森林，树木笔触下呈现出五彩斑斓的色彩，溪水旁边还有一座小木桥，背景是云雾缭绕的山峦，风格是未来主义风格。
77,<画图>一幅油画风格的作品，描绘了一位女性士兵，她戴着一顶士兵帽，深蓝色的眼睛显得十分犀利，背景是抽象的色彩混合，镜头是特写，风格是印象派。
80,<画图>一位青年戴着口罩站在拥挤的城市街道上，他的脸上带着微笑。背景是高楼大厦和川流不息的人群，镜头是全景，风格是反乌托邦风格。
92,<画图>群马在海滩上奔跑，背景是夕阳下的海滩，镜头是全景，风格是摄影风格。
98,<画图>一个年轻女性牛仔身着牛仔帽和蓝色牛仔裤，正在乔治亚州的草地上与一匹棕白相间的马亲吻，背景中有白色的马架，这是一幅数字绘画，蕴含了西部文化，并呈现出温馨的氛围。
102,<画图>一对男女正在足球场里互相拥抱，他们看起来非常幸福，背景是充满活力的足球场，镜头是特写，风格是摄影风格。
104,<画图>一位年轻的女子满脸粉红，眼睛蓝得像海洋，头上堆着五颜六色的水彩粉末，背景是一片略带神秘色彩的暗色调，镜头是特写，风格是水彩画风格。
197,<画图>一件红色衬衫，搭配深色牛仔裤，潮人风格，背景是装饰华丽的酒店大厅，镜头是腰处，画风是写实风格。
318,"<画图>一对恋人紧密相拥en,他ir在充满浪漫气氛的城市景观中。他们穿着1920年代的服装，拥有时代独特的发型。背景是典型的城市风景，有着复古的建筑和车辆。颜色鲜艳且对比强烈,镜头是中景，风格是流行艺术风格。"
321,<画图>一座小镇被樱花树环绕，樱花树枝头挂满了粉色的樱花，背景是这个小镇，镜头是全景，风格是浪漫风格。
533,<画图>一个木屋坐落在雪地中，烟囱冒着烟，窗户透出暖黄的灯光，周围是覆盖着厚厚雪的松树，背景是冬季的夜晚，镜头是全景，风格是冬季仙境风格。
562,<画图>一位年轻的女孩坐在未来风格的沙发上，她的长卷发散落在肩上，穿着粉色休闲服，背景是未来科技风格的房间，镜头是中景，风格是未来风格。
679,<画图>一群孩子在雨中玩耍，每个人都撑着雨伞，背景是一个乡村小道，镜头是全景，风格是摄影风格。
747,<画图>一对男女正在海滩上挥手问合影，背景是广阔的海滩和蔚蓝的海水，镜头是全景，风格是旅行摄影风格。
753,<画图>三位年轻女性穿着1920年代的时尚，拍一张合影，背景是一堵老旧的墙，镜头是全身镜头，风格是复古风格。
775,<画图>一位年轻男子喝着烟，身穿灰色上衣，其脸上刺眼的眼镜和胡子引人注目，他周围环绕着烟雾，背后的景色含蓄且神秘，构图方式是近景，半身，散点式构图，创造出一种冷漠的氛围，尽显现代男子的品味。
806,<画图>一位棕发的美女正在孕妇的姿态中伫立，背景简洁而明亮，镜头是腰上视角，风格是摄影风格。
833,<画图>一幅照片，描绘了一群年长的女性在画室里创作，她们聚在一起，认真地画着，透过窗户可以看到外面的景色，画面温馨而和谐，风格为现实主义。
957,<画图>一位目光坚定的男子，脸上有着络腮胡子，双臂交叉于胸前，背景为一间繁忙的酒吧，整体照片以黑白色调渲染，中景构图，半身，表现了坚毅的氛围。
1023,<画图>蓝色的雪覆盖在公园的长椅上，周围环绕着裸露的树木，背景是一片宁静的公园，镜头是全景，风格是摄影风格。
1087,<画图>一对父母和孩子在下雪的冬季沙滩上玩耍，父亲把孩子高高举起，背景是海浪和飞雪，镜头是全景，风格是摄影风格。
1095,<画图>一家四口正坐在充满阳光的海滩上，海浪轻拍沙滩，孩子正在玩耍沙堡，背景是湛蓝海水和明媚的天空，镜头是全景，风格是摄影风格。
1096,<画图>一名青年女子站在森林中，淡淡的忧郁的眼神看向远方，身穿黑色夹克，背景变为阴暗神秘的森林，镜头是中景，风格是人物摄影风格。
1097,<画图>四个高挑的模特在未来城市中展示各自独特风格的服装，背景是充满科技感的未来城市，镜头是近景，风格是现代风格。
1099,<画图>一个年轻女性身穿黑色华丽晚礼服，垂直站在室内，她的长头发被精心盘起，而眼睛深邃而含蓄，充满魅力，背景是一座欧洲古老城堡，照片采用中景构图方式，半身，整体呈现出写实的风格，尽显高贵氛围，蕴含了人物摄影的魅力。
1101,<画图>一个可爱的小女孩站在未来城市的街头，她穿着粉色的裙子，头上戴着粉色的发带，背景是未来城市的建筑和繁忙的街道，镜头是中景，风格是未来风格。
1103,<画图>一个棕发青年坐在轮椅上，背景是充满科技感的未来城市，镜头是中景，风格是摄影风格。
1104,<画图>浓厚的水彩画风格描绘出繁华的现代城市，高楼耸立，一座大桥横跨河流，交通车辆川流不息，背景是城市天际线，镜头是鸟瞰全景，风格是水彩画风格。
1112,<画图>一座宏伟的皇家宫殿在未来的城市中，背景是光影璀璨的超级大都市，拥有高科技建筑和飞行汽车，风格是现代风格。
1113,<画图>一位中年女性穿着万圣节主题的毛衣，橙红色的毛发飘逸，背景是漆黑的夜晚与歪斜的街灯，镜头是近景，风格是摄影风格。
1115,<画图>一位年轻的女士站在一家时尚服装店中，手中拿着手机，背景是未来的城市中的繁华商业区，镜头是中景，风格是摄影风格。
1117,<画图>音乐会上的女子，长卷发飘逸，脸上带着微笑，背景是繁华的音乐会现场，镜头是特写，风格是现实主义风格。
1121,<画图>一位穿着传统印度服饰的女性，戴着精美的珠宝，头上戴着独特的头饰，坐在未来城市的建筑旁，背景是充满科技感的未来城市，镜头是中景，风格是超现实主义风格。
1123,<画图>一副现代风格的素描画， Features a beautiful young woman with headphones，蓝色的眼睛，脸颊稍微红润，穿着黑色的外套，背景是黑色的，照片采用近景构图方式，半身，整幅画呈现出平静的氛围，蕴含着现代文化。
1124,<画图>一名男子在沙滩上奔跑，背景是繁华的未来都市和高楼大厦，橙色的夕阳映照在男子身上，镜头是全景，风格是现实主义。
1125,<画图>一位年轻男子站在雪中的森林里，他的眼神深邃，黑色的外套使他看起来更加神秘，背景是雪覆盖的森林，镜头是中景，风格是摄影风格。
1130,<画图>森林中的小溪在春天的阳光下泛着微光，两岸的树木新叶萌新，鲜花斑斓，背景是春天的森林，镜头是全景，风格是水彩风格。
1133,<画图>这是一个三维雕塑，女性佩戴深色帽子，面容年轻，具有棕色头发，背景是抽象的涂鸦，镜头为中景，风格为现代艺术风格。
1141,<画图>一群朋友坐在郁郁葱葱的公园中，周围是绿草如茵，明媚的阳光洒在他们的身上，背景是郁郁葱葱的树木，镜头是全景，风格是生活写实。
1142,<画图>一个女孩身穿蓝色牛仔外套，参加音乐会，背景是热闹的音乐会现场和随着音乐旋律舞动的人群，镜头是全景，风格是摄影风格。
1148,<画图>一位年轻男子微微向侧的头部，背部直立，头上戴着三朵花，背景为灰色，花朵飘散在空中，照片采用近景构图方式，半身，这幅作品是一幅油画，它蕴含着油画文化，呈现出平静的氛围。
1153,<画图>这是一幅素描插图，女孩脸庞细致，眼神妩媚，穿着白色T恤，戴着黑色眼镜，背景是纯白的，镜头是特写，风格是生动的彩色插图。
1155,<画图>一位戴着复杂珠宝的未来赛博朋克风格的女性，背景是繁华的未来城市景象和霓虹灯，镜头是中景，风格是未来赛博朋克风格。
1160,<画图>一只可爱的鹿在马戏团圆舞中跳舞，背景是色彩斑斓的马戏团帐篷，镜头是中景，风格是卡通风格。
1162,<画图>一家四口正在户外的篝火旁烤火禽，背后是夜晚的天空和繁星，半身镜头，画风是摄影风格。
1171,<画图>一位穿着黑色T恤和墨镜的男子站在城市街头，背景变成了雨中的城市，依然保持特写镜头。
1176,<画图>两名战斗者正在城市废墟中冒险，他们穿着科技装备，眼睛发出红光。背景是废墟的城市，风格是水彩画风格。
1177,<画图>一双精美装饰的牛仔靴在西部电影片场中放在柜台上，背景是充满复古情调的片场，镜头是全景，风格是复古风格。
1192,<画图>一位穿着深蓝色长裙的女士站在未来都市的街头，远处是摩天大楼和繁忙的道路，背景是现代化的城市景象，镜头是全景，风格是现代风格。
1193,<画图>一名女子正在抚摸一头棕色的马，背景是未来的城市，马车上有灯光和传输线，镜头是中景，风格是摄影风格。
1197,<画图>一位穿着华丽白色礼服的黑人女性在未来城市中翩翩起舞，背景是充满科技感的现代建筑，镜头是中景，风格是科幻风格。
1198,<画图>一辆火车正在长长的铁路上行驶，背景是城市天际线，镜头是鸟瞰视角，风格是现实风格。
1200,<画图>这是一朵三维的彩色花朵，花瓣由不同色彩的线条组成，营造出立体感。背景是简洁的白色，中心聚焦，视角呈现全景，风格抽象。
1201,<画图>一只美丽的红色雄鸡在雪地中挺立，背景是热带的棕榈树和火红的太阳，镜头是中景，风格是卡通风格。
1202,<画图>内部装饰精美的小屋，有一张木质的厨房桌子和橱柜，两个铸铁厨房柜，一个小洗手池和一个厨房窗户，背景是木质的墙壁，镜头是全景，风格是现代风格。
1204,<画图>一位优雅的女子站在热带岛屿的沙滩上，她身旁的巨大羽毛让人惊叹，背景是宁静的海岸线和椰子树，镜头是全身，风格是艺术风格。
1205,<画图>艺术家的工作室里摆满了用各种颜色和形状的画笔，墙上挂满了未完成的画作，背景是宽敞的窗户，让阳光洒进来。全景镜头。风格是未来主义风格。
1206,<画图>一对恋人手牵着手在初春的公园小路上漫步，周围是新发的嫩绿和盛开的花朵，天空是温暖的橙色，背景是初春的公园，镜头是全景，风格是浪漫实际风格。
1209,<画图>一件陶器作品，有着优雅的曲线和深棕色釉，作品放置在现代简约的白色台面上，背景是灰色墙壁，镜头是全景，风格是现代艺术风格。
1210,<画图>一位小女孩正在森林中与一只哈士奇玩耍，背景是神秘而迷人的魔幻森林，风格是幻想风格。
1211,<画图>一个男人坐在一块巨大的下雪的树桩上，周围是郁郁葱葱的森林，背景是夏日的森林，镜头是中景，风格是摄影风格。
